url,date,source
https://github.com/trending/c++?since=daily,,
https://github.com/trending/html?since=daily,,
https://github.com/trending/java?since=daily,,
https://github.com/trending/javascript?since=daily,,
https://github.com/trending/php?since=daily,,
https://github.com/trending/python?since=daily,,
https://github.com/trending/ruby?since=daily,,
https://github.com/trending/unknown?since=daily,,
https://github.com/trending/1c-enterprise?since=daily,,
https://github.com/trending/4d?since=daily,,
https://github.com/trending/abap?since=daily,,
https://github.com/trending/abap-cds?since=daily,,
https://github.com/trending/abnf?since=daily,,
https://github.com/trending/actionscript?since=daily,,
https://github.com/trending/ada?since=daily,,
https://github.com/trending/adobe-font-metrics?since=daily,,
https://github.com/trending/agda?since=daily,,
https://github.com/trending/ags-script?since=daily,,
https://github.com/trending/aidl?since=daily,,
https://github.com/trending/al?since=daily,,
https://github.com/trending/al?since=daily,,
https://github.com/trending/alloy?since=daily,,
https://github.com/trending/alpine-abuild?since=daily,,
https://github.com/trending/altium-designer?since=daily,,
https://github.com/trending/ampl?since=daily,,
https://github.com/trending/angelscript?since=daily,,
https://github.com/trending/ant-build-system?since=daily,,
https://github.com/trending/antlr?since=daily,,
https://github.com/trending/apacheconf?since=daily,,
https://github.com/trending/apex?since=daily,,
https://github.com/trending/api-blueprint?since=daily,,
https://github.com/trending/apl?since=daily,,
https://github.com/trending/apollo-guidance-computer?since=daily,,
https://github.com/trending/applescript?since=daily,,
https://github.com/trending/arc?since=daily,,
https://github.com/trending/asciidoc?since=daily,,
https://github.com/trending/asl?since=daily,,
https://github.com/trending/asn.1?since=daily,,
https://github.com/trending/classic-asp?since=daily,,
https://github.com/trending/asp.net?since=daily,,
https://github.com/trending/aspectj?since=daily,,
https://github.com/trending/assembly?since=daily,,
https://github.com/trending/astro?since=daily,,
https://github.com/trending/asymptote?since=daily,,
https://github.com/trending/ats?since=daily,,
https://github.com/trending/augeas?since=daily,,
https://github.com/trending/autohotkey?since=daily,,
https://github.com/trending/autoit?since=daily,,
https://github.com/trending/avro-idl?since=daily,,
https://github.com/trending/awk?since=daily,,
https://github.com/trending/ballerina?since=daily,,
https://github.com/trending/basic?since=daily,,
https://github.com/trending/batchfile?since=daily,,
https://github.com/trending/beef?since=daily,,
https://github.com/trending/befunge?since=daily,,
https://github.com/trending/bibtex?since=daily,,
https://github.com/trending/bicep?since=daily,,
https://github.com/trending/bison?since=daily,,
https://github.com/trending/bitbake?since=daily,,
https://github.com/trending/blade?since=daily,,
https://github.com/trending/blitzbasic?since=daily,,
https://github.com/trending/blitzmax?since=daily,,
https://github.com/trending/bluespec?since=daily,,
https://github.com/trending/boo?since=daily,,
https://github.com/trending/boogie?since=daily,,
https://github.com/trending/brainfuck?since=daily,,
https://github.com/trending/brightscript?since=daily,,
https://github.com/trending/zeek?since=daily,,
https://github.com/trending/browserslist?since=daily,,
https://github.com/trending/c?since=daily,,
https://github.com/trending/c%23?since=daily,,
https://github.com/trending/c-objdump?since=daily,,
https://github.com/trending/c2hs-haskell?since=daily,,
https://github.com/trending/cabal-config?since=daily,,
https://github.com/trending/cap&#39;n-proto?since=daily,,
https://github.com/trending/cartocss?since=daily,,
https://github.com/trending/ceylon?since=daily,,
https://github.com/trending/chapel?since=daily,,
https://github.com/trending/charity?since=daily,,
https://github.com/trending/chuck?since=daily,,
https://github.com/trending/cil?since=daily,,
https://github.com/trending/cirru?since=daily,,
https://github.com/trending/clarion?since=daily,,
https://github.com/trending/classic-asp?since=daily,,
https://github.com/trending/clean?since=daily,,
https://github.com/trending/click?since=daily,,
https://github.com/trending/clips?since=daily,,
https://github.com/trending/clojure?since=daily,,
https://github.com/trending/closure-templates?since=daily,,
https://github.com/trending/cloud-firestore-security-rules?since=daily,,
https://github.com/trending/cmake?since=daily,,
https://github.com/trending/cobol?since=daily,,
https://github.com/trending/codeowners?since=daily,,
https://github.com/trending/codeql?since=daily,,
https://github.com/trending/coffeescript?since=daily,,
https://github.com/trending/coldfusion?since=daily,,
https://github.com/trending/coldfusion-cfc?since=daily,,
https://github.com/trending/collada?since=daily,,
https://github.com/trending/common-lisp?since=daily,,
https://github.com/trending/common-workflow-language?since=daily,,
https://github.com/trending/component-pascal?since=daily,,
https://github.com/trending/conll-u?since=daily,,
https://github.com/trending/cool?since=daily,,
https://github.com/trending/coq?since=daily,,
https://github.com/trending/cpp-objdump?since=daily,,
https://github.com/trending/creole?since=daily,,
https://github.com/trending/crystal?since=daily,,
https://github.com/trending/cson?since=daily,,
https://github.com/trending/csound?since=daily,,
https://github.com/trending/csound-document?since=daily,,
https://github.com/trending/csound-score?since=daily,,
https://github.com/trending/css?since=daily,,
https://github.com/trending/csv?since=daily,,
https://github.com/trending/cuda?since=daily,,
https://github.com/trending/cue?since=daily,,
https://github.com/trending/curl-config?since=daily,,
https://github.com/trending/cweb?since=daily,,
https://github.com/trending/cycript?since=daily,,
https://github.com/trending/cython?since=daily,,
https://github.com/trending/d?since=daily,,
https://github.com/trending/d-objdump?since=daily,,
https://github.com/trending/dafny?since=daily,,
https://github.com/trending/darcs-patch?since=daily,,
https://github.com/trending/dart?since=daily,,
https://github.com/trending/dataweave?since=daily,,
https://github.com/trending/desktop?since=daily,,
https://github.com/trending/dhall?since=daily,,
https://github.com/trending/diff?since=daily,,
https://github.com/trending/digital-command-language?since=daily,,
https://github.com/trending/dircolors?since=daily,,
https://github.com/trending/directx-3d-file?since=daily,,
https://github.com/trending/dm?since=daily,,
https://github.com/trending/dns-zone?since=daily,,
https://github.com/trending/dockerfile?since=daily,,
https://github.com/trending/dogescript?since=daily,,
https://github.com/trending/dtrace?since=daily,,
https://github.com/trending/dylan?since=daily,,
https://github.com/trending/e?since=daily,,
https://github.com/trending/e-mail?since=daily,,
https://github.com/trending/eagle?since=daily,,
https://github.com/trending/earthly?since=daily,,
https://github.com/trending/easybuild?since=daily,,
https://github.com/trending/ebnf?since=daily,,
https://github.com/trending/ec?since=daily,,
https://github.com/trending/ecere-projects?since=daily,,
https://github.com/trending/ecl?since=daily,,
https://github.com/trending/eclipse?since=daily,,
https://github.com/trending/editorconfig?since=daily,,
https://github.com/trending/edje-data-collection?since=daily,,
https://github.com/trending/edn?since=daily,,
https://github.com/trending/eiffel?since=daily,,
https://github.com/trending/ejs?since=daily,,
https://github.com/trending/elixir?since=daily,,
https://github.com/trending/elm?since=daily,,
https://github.com/trending/emacs-lisp?since=daily,,
https://github.com/trending/emberscript?since=daily,,
https://github.com/trending/e-mail?since=daily,,
https://github.com/trending/eq?since=daily,,
https://github.com/trending/erlang?since=daily,,
https://github.com/trending/f%23?since=daily,,
https://github.com/trending/f*?since=daily,,
https://github.com/trending/factor?since=daily,,
https://github.com/trending/fancy?since=daily,,
https://github.com/trending/fantom?since=daily,,
https://github.com/trending/faust?since=daily,,
https://github.com/trending/fennel?since=daily,,
https://github.com/trending/figlet-font?since=daily,,
https://github.com/trending/filebench-wml?since=daily,,
https://github.com/trending/filterscript?since=daily,,
https://github.com/trending/fish?since=daily,,
https://github.com/trending/fluent?since=daily,,
https://github.com/trending/flux?since=daily,,
https://github.com/trending/formatted?since=daily,,
https://github.com/trending/forth?since=daily,,
https://github.com/trending/fortran?since=daily,,
https://github.com/trending/fortran-free-form?since=daily,,
https://github.com/trending/freebasic?since=daily,,
https://github.com/trending/freemarker?since=daily,,
https://github.com/trending/frege?since=daily,,
https://github.com/trending/futhark?since=daily,,
https://github.com/trending/g-code?since=daily,,
https://github.com/trending/game-maker-language?since=daily,,
https://github.com/trending/gaml?since=daily,,
https://github.com/trending/gams?since=daily,,
https://github.com/trending/gap?since=daily,,
https://github.com/trending/gcc-machine-description?since=daily,,
https://github.com/trending/gdb?since=daily,,
https://github.com/trending/gdscript?since=daily,,
https://github.com/trending/gedcom?since=daily,,
https://github.com/trending/gemfile.lock?since=daily,,
https://github.com/trending/genie?since=daily,,
https://github.com/trending/genshi?since=daily,,
https://github.com/trending/gentoo-ebuild?since=daily,,
https://github.com/trending/gentoo-eclass?since=daily,,
https://github.com/trending/gerber-image?since=daily,,
https://github.com/trending/gettext-catalog?since=daily,,
https://github.com/trending/gherkin?since=daily,,
https://github.com/trending/git-attributes?since=daily,,
https://github.com/trending/git-config?since=daily,,
https://github.com/trending/glsl?since=daily,,
https://github.com/trending/glyph?since=daily,,
https://github.com/trending/glyph-bitmap-distribution-format?since=daily,,
https://github.com/trending/gn?since=daily,,
https://github.com/trending/gnuplot?since=daily,,
https://github.com/trending/go?since=daily,,
https://github.com/trending/go-checksums?since=daily,,
https://github.com/trending/go-module?since=daily,,
https://github.com/trending/golo?since=daily,,
https://github.com/trending/gosu?since=daily,,
https://github.com/trending/grace?since=daily,,
https://github.com/trending/gradle?since=daily,,
https://github.com/trending/grammatical-framework?since=daily,,
https://github.com/trending/graph-modeling-language?since=daily,,
https://github.com/trending/graphql?since=daily,,
https://github.com/trending/graphviz-(dot)?since=daily,,
https://github.com/trending/groovy?since=daily,,
https://github.com/trending/groovy-server-pages?since=daily,,
https://github.com/trending/hack?since=daily,,
https://github.com/trending/haml?since=daily,,
https://github.com/trending/handlebars?since=daily,,
https://github.com/trending/haproxy?since=daily,,
https://github.com/trending/harbour?since=daily,,
https://github.com/trending/haskell?since=daily,,
https://github.com/trending/haxe?since=daily,,
https://github.com/trending/hcl?since=daily,,
https://github.com/trending/hiveql?since=daily,,
https://github.com/trending/hlsl?since=daily,,
https://github.com/trending/holyc?since=daily,,
https://github.com/trending/jinja?since=daily,,
https://github.com/trending/html+ecr?since=daily,,
https://github.com/trending/html+eex?since=daily,,
https://github.com/trending/html+erb?since=daily,,
https://github.com/trending/html+php?since=daily,,
https://github.com/trending/html+razor?since=daily,,
https://github.com/trending/http?since=daily,,
https://github.com/trending/hxml?since=daily,,
https://github.com/trending/hy?since=daily,,
https://github.com/trending/hyphy?since=daily,,
https://github.com/trending/idl?since=daily,,
https://github.com/trending/idris?since=daily,,
https://github.com/trending/ignore-list?since=daily,,
https://github.com/trending/igor-pro?since=daily,,
https://github.com/trending/imagej-macro?since=daily,,
https://github.com/trending/inform-7?since=daily,,
https://github.com/trending/ini?since=daily,,
https://github.com/trending/inno-setup?since=daily,,
https://github.com/trending/io?since=daily,,
https://github.com/trending/ioke?since=daily,,
https://github.com/trending/irc-log?since=daily,,
https://github.com/trending/isabelle?since=daily,,
https://github.com/trending/isabelle-root?since=daily,,
https://github.com/trending/j?since=daily,,
https://github.com/trending/jasmin?since=daily,,
https://github.com/trending/java-properties?since=daily,,
https://github.com/trending/java-server-pages?since=daily,,
https://github.com/trending/javascript+erb?since=daily,,
https://github.com/trending/jflex?since=daily,,
https://github.com/trending/jinja?since=daily,,
https://github.com/trending/jison?since=daily,,
https://github.com/trending/jison-lex?since=daily,,
https://github.com/trending/jolie?since=daily,,
https://github.com/trending/jq?since=daily,,
https://github.com/trending/json?since=daily,,
https://github.com/trending/json-with-comments?since=daily,,
https://github.com/trending/json5?since=daily,,
https://github.com/trending/jsoniq?since=daily,,
https://github.com/trending/jsonld?since=daily,,
https://github.com/trending/jsonnet?since=daily,,
https://github.com/trending/julia?since=daily,,
https://github.com/trending/jupyter-notebook?since=daily,,
https://github.com/trending/kaitai-struct?since=daily,,
https://github.com/trending/kakounescript?since=daily,,
https://github.com/trending/kicad-layout?since=daily,,
https://github.com/trending/kicad-legacy-layout?since=daily,,
https://github.com/trending/kicad-schematic?since=daily,,
https://github.com/trending/kit?since=daily,,
https://github.com/trending/kotlin?since=daily,,
https://github.com/trending/krl?since=daily,,
https://github.com/trending/kusto?since=daily,,
https://github.com/trending/labview?since=daily,,
https://github.com/trending/lark?since=daily,,
https://github.com/trending/lasso?since=daily,,
https://github.com/trending/latte?since=daily,,
https://github.com/trending/lean?since=daily,,
https://github.com/trending/less?since=daily,,
https://github.com/trending/lex?since=daily,,
https://github.com/trending/lfe?since=daily,,
https://github.com/trending/lilypond?since=daily,,
https://github.com/trending/limbo?since=daily,,
https://github.com/trending/linker-script?since=daily,,
https://github.com/trending/linux-kernel-module?since=daily,,
https://github.com/trending/liquid?since=daily,,
https://github.com/trending/literate-agda?since=daily,,
https://github.com/trending/literate-coffeescript?since=daily,,
https://github.com/trending/literate-haskell?since=daily,,
https://github.com/trending/livescript?since=daily,,
https://github.com/trending/llvm?since=daily,,
https://github.com/trending/logos?since=daily,,
https://github.com/trending/logtalk?since=daily,,
https://github.com/trending/lolcode?since=daily,,
https://github.com/trending/lookml?since=daily,,
https://github.com/trending/loomscript?since=daily,,
https://github.com/trending/lsl?since=daily,,
https://github.com/trending/ltspice-symbol?since=daily,,
https://github.com/trending/lua?since=daily,,
https://github.com/trending/m?since=daily,,
https://github.com/trending/m4?since=daily,,
https://github.com/trending/m4sugar?since=daily,,
https://github.com/trending/macaulay2?since=daily,,
https://github.com/trending/makefile?since=daily,,
https://github.com/trending/mako?since=daily,,
https://github.com/trending/markdown?since=daily,,
https://github.com/trending/marko?since=daily,,
https://github.com/trending/mask?since=daily,,
https://github.com/trending/mathematica?since=daily,,
https://github.com/trending/matlab?since=daily,,
https://github.com/trending/maven-pom?since=daily,,
https://github.com/trending/max?since=daily,,
https://github.com/trending/maxscript?since=daily,,
https://github.com/trending/mcfunction?since=daily,,
https://github.com/trending/wikitext?since=daily,,
https://github.com/trending/mercury?since=daily,,
https://github.com/trending/meson?since=daily,,
https://github.com/trending/metal?since=daily,,
https://github.com/trending/microsoft-developer-studio-project?since=daily,,
https://github.com/trending/microsoft-visual-studio-solution?since=daily,,
https://github.com/trending/minid?since=daily,,
https://github.com/trending/mirah?since=daily,,
https://github.com/trending/mirc-script?since=daily,,
https://github.com/trending/mlir?since=daily,,
https://github.com/trending/modelica?since=daily,,
https://github.com/trending/modula-2?since=daily,,
https://github.com/trending/modula-3?since=daily,,
https://github.com/trending/module-management-system?since=daily,,
https://github.com/trending/monkey?since=daily,,
https://github.com/trending/moocode?since=daily,,
https://github.com/trending/moonscript?since=daily,,
https://github.com/trending/motoko?since=daily,,
https://github.com/trending/motorola-68k-assembly?since=daily,,
https://github.com/trending/mql4?since=daily,,
https://github.com/trending/mql5?since=daily,,
https://github.com/trending/mtml?since=daily,,
https://github.com/trending/muf?since=daily,,
https://github.com/trending/mupad?since=daily,,
https://github.com/trending/muse?since=daily,,
https://github.com/trending/mustache?since=daily,,
https://github.com/trending/myghty?since=daily,,
https://github.com/trending/nanorc?since=daily,,
https://github.com/trending/nasl?since=daily,,
https://github.com/trending/ncl?since=daily,,
https://github.com/trending/nearley?since=daily,,
https://github.com/trending/nemerle?since=daily,,
https://github.com/trending/neon?since=daily,,
https://github.com/trending/nesc?since=daily,,
https://github.com/trending/netlinx?since=daily,,
https://github.com/trending/netlinx+erb?since=daily,,
https://github.com/trending/netlogo?since=daily,,
https://github.com/trending/newlisp?since=daily,,
https://github.com/trending/nextflow?since=daily,,
https://github.com/trending/nginx?since=daily,,
https://github.com/trending/nim?since=daily,,
https://github.com/trending/ninja?since=daily,,
https://github.com/trending/nit?since=daily,,
https://github.com/trending/nix?since=daily,,
https://github.com/trending/nl?since=daily,,
https://github.com/trending/npm-config?since=daily,,
https://github.com/trending/nsis?since=daily,,
https://github.com/trending/nu?since=daily,,
https://github.com/trending/numpy?since=daily,,
https://github.com/trending/nunjucks?since=daily,,
https://github.com/trending/nwscript?since=daily,,
https://github.com/trending/objdump?since=daily,,
https://github.com/trending/object-data-instance-notation?since=daily,,
https://github.com/trending/objective-c?since=daily,,
https://github.com/trending/objective-c++?since=daily,,
https://github.com/trending/objective-j?since=daily,,
https://github.com/trending/objectscript?since=daily,,
https://github.com/trending/ocaml?since=daily,,
https://github.com/trending/odin?since=daily,,
https://github.com/trending/omgrofl?since=daily,,
https://github.com/trending/ooc?since=daily,,
https://github.com/trending/opa?since=daily,,
https://github.com/trending/opal?since=daily,,
https://github.com/trending/open-policy-agent?since=daily,,
https://github.com/trending/opencl?since=daily,,
https://github.com/trending/openedge-abl?since=daily,,
https://github.com/trending/openqasm?since=daily,,
https://github.com/trending/openrc-runscript?since=daily,,
https://github.com/trending/openscad?since=daily,,
https://github.com/trending/openstep-property-list?since=daily,,
https://github.com/trending/opentype-feature-file?since=daily,,
https://github.com/trending/org?since=daily,,
https://github.com/trending/ox?since=daily,,
https://github.com/trending/oxygene?since=daily,,
https://github.com/trending/oz?since=daily,,
https://github.com/trending/p4?since=daily,,
https://github.com/trending/pan?since=daily,,
https://github.com/trending/papyrus?since=daily,,
https://github.com/trending/parrot?since=daily,,
https://github.com/trending/parrot-assembly?since=daily,,
https://github.com/trending/parrot-internal-representation?since=daily,,
https://github.com/trending/pascal?since=daily,,
https://github.com/trending/pawn?since=daily,,
https://github.com/trending/peg.js?since=daily,,
https://github.com/trending/pep8?since=daily,,
https://github.com/trending/perl?since=daily,,
https://github.com/trending/pic?since=daily,,
https://github.com/trending/pickle?since=daily,,
https://github.com/trending/picolisp?since=daily,,
https://github.com/trending/piglatin?since=daily,,
https://github.com/trending/pike?since=daily,,
https://github.com/trending/plantuml?since=daily,,
https://github.com/trending/plpgsql?since=daily,,
https://github.com/trending/plsql?since=daily,,
https://github.com/trending/pod?since=daily,,
https://github.com/trending/pod-6?since=daily,,
https://github.com/trending/pogoscript?since=daily,,
https://github.com/trending/pony?since=daily,,
https://github.com/trending/postcss?since=daily,,
https://github.com/trending/postscript?since=daily,,
https://github.com/trending/pov-ray-sdl?since=daily,,
https://github.com/trending/powerbuilder?since=daily,,
https://github.com/trending/powershell?since=daily,,
https://github.com/trending/prisma?since=daily,,
https://github.com/trending/processing?since=daily,,
https://github.com/trending/proguard?since=daily,,
https://github.com/trending/prolog?since=daily,,
https://github.com/trending/promela?since=daily,,
https://github.com/trending/propeller-spin?since=daily,,
https://github.com/trending/protocol-buffer?since=daily,,
https://github.com/trending/public-key?since=daily,,
https://github.com/trending/pug?since=daily,,
https://github.com/trending/puppet?since=daily,,
https://github.com/trending/pure-data?since=daily,,
https://github.com/trending/purebasic?since=daily,,
https://github.com/trending/purescript?since=daily,,
https://github.com/trending/python-console?since=daily,,
https://github.com/trending/python-traceback?since=daily,,
https://github.com/trending/q?since=daily,,
https://github.com/trending/q%23?since=daily,,
https://github.com/trending/qmake?since=daily,,
https://github.com/trending/qml?since=daily,,
https://github.com/trending/qt-script?since=daily,,
https://github.com/trending/quake?since=daily,,
https://github.com/trending/r?since=daily,,
https://github.com/trending/racket?since=daily,,
https://github.com/trending/ragel?since=daily,,
https://github.com/trending/raku?since=daily,,
https://github.com/trending/raml?since=daily,,
https://github.com/trending/rascal?since=daily,,
https://github.com/trending/raw-token-data?since=daily,,
https://github.com/trending/rdoc?since=daily,,
https://github.com/trending/readline-config?since=daily,,
https://github.com/trending/realbasic?since=daily,,
https://github.com/trending/reason?since=daily,,
https://github.com/trending/rebol?since=daily,,
https://github.com/trending/red?since=daily,,
https://github.com/trending/redcode?since=daily,,
https://github.com/trending/regular-expression?since=daily,,
https://github.com/trending/ren&#39;py?since=daily,,
https://github.com/trending/renderscript?since=daily,,
https://github.com/trending/rescript?since=daily,,
https://github.com/trending/restructuredtext?since=daily,,
https://github.com/trending/rexx?since=daily,,
https://github.com/trending/rich-text-format?since=daily,,
https://github.com/trending/ring?since=daily,,
https://github.com/trending/riot?since=daily,,
https://github.com/trending/rmarkdown?since=daily,,
https://github.com/trending/robotframework?since=daily,,
https://github.com/trending/robots.txt?since=daily,,
https://github.com/trending/roff?since=daily,,
https://github.com/trending/roff-manpage?since=daily,,
https://github.com/trending/rouge?since=daily,,
https://github.com/trending/rpc?since=daily,,
https://github.com/trending/rpm-spec?since=daily,,
https://github.com/trending/runoff?since=daily,,
https://github.com/trending/rust?since=daily,,
https://github.com/trending/sage?since=daily,,
https://github.com/trending/saltstack?since=daily,,
https://github.com/trending/sas?since=daily,,
https://github.com/trending/sass?since=daily,,
https://github.com/trending/scala?since=daily,,
https://github.com/trending/scaml?since=daily,,
https://github.com/trending/scheme?since=daily,,
https://github.com/trending/scilab?since=daily,,
https://github.com/trending/scss?since=daily,,
https://github.com/trending/sed?since=daily,,
https://github.com/trending/self?since=daily,,
https://github.com/trending/selinux-policy?since=daily,,
https://github.com/trending/shaderlab?since=daily,,
https://github.com/trending/shell?since=daily,,
https://github.com/trending/shellcheck-config?since=daily,,
https://github.com/trending/shellsession?since=daily,,
https://github.com/trending/shen?since=daily,,
https://github.com/trending/sieve?since=daily,,
https://github.com/trending/singularity?since=daily,,
https://github.com/trending/slash?since=daily,,
https://github.com/trending/slice?since=daily,,
https://github.com/trending/slim?since=daily,,
https://github.com/trending/smali?since=daily,,
https://github.com/trending/smalltalk?since=daily,,
https://github.com/trending/smarty?since=daily,,
https://github.com/trending/smpl?since=daily,,
https://github.com/trending/smt?since=daily,,
https://github.com/trending/solidity?since=daily,,
https://github.com/trending/sourcepawn?since=daily,,
https://github.com/trending/sparql?since=daily,,
https://github.com/trending/spline-font-database?since=daily,,
https://github.com/trending/sqf?since=daily,,
https://github.com/trending/sql?since=daily,,
https://github.com/trending/sqlpl?since=daily,,
https://github.com/trending/squirrel?since=daily,,
https://github.com/trending/srecode-template?since=daily,,
https://github.com/trending/ssh-config?since=daily,,
https://github.com/trending/stan?since=daily,,
https://github.com/trending/standard-ml?since=daily,,
https://github.com/trending/starlark?since=daily,,
https://github.com/trending/stata?since=daily,,
https://github.com/trending/ston?since=daily,,
https://github.com/trending/stringtemplate?since=daily,,
https://github.com/trending/stylus?since=daily,,
https://github.com/trending/subrip-text?since=daily,,
https://github.com/trending/sugarss?since=daily,,
https://github.com/trending/supercollider?since=daily,,
https://github.com/trending/svelte?since=daily,,
https://github.com/trending/svg?since=daily,,
https://github.com/trending/swift?since=daily,,
https://github.com/trending/swig?since=daily,,
https://github.com/trending/systemverilog?since=daily,,
https://github.com/trending/tcl?since=daily,,
https://github.com/trending/tcsh?since=daily,,
https://github.com/trending/tea?since=daily,,
https://github.com/trending/terra?since=daily,,
https://github.com/trending/tex?since=daily,,
https://github.com/trending/texinfo?since=daily,,
https://github.com/trending/text?since=daily,,
https://github.com/trending/textile?since=daily,,
https://github.com/trending/thrift?since=daily,,
https://github.com/trending/ti-program?since=daily,,
https://github.com/trending/tla?since=daily,,
https://github.com/trending/toml?since=daily,,
https://github.com/trending/tsql?since=daily,,
https://github.com/trending/tsv?since=daily,,
https://github.com/trending/tsx?since=daily,,
https://github.com/trending/turing?since=daily,,
https://github.com/trending/turtle?since=daily,,
https://github.com/trending/twig?since=daily,,
https://github.com/trending/txl?since=daily,,
https://github.com/trending/type-language?since=daily,,
https://github.com/trending/typescript?since=daily,,
https://github.com/trending/unified-parallel-c?since=daily,,
https://github.com/trending/unity3d-asset?since=daily,,
https://github.com/trending/unix-assembly?since=daily,,
https://github.com/trending/uno?since=daily,,
https://github.com/trending/unrealscript?since=daily,,
https://github.com/trending/urweb?since=daily,,
https://github.com/trending/v?since=daily,,
https://github.com/trending/vala?since=daily,,
https://github.com/trending/valve-data-format?since=daily,,
https://github.com/trending/vba?since=daily,,
https://github.com/trending/vbscript?since=daily,,
https://github.com/trending/vcl?since=daily,,
https://github.com/trending/verilog?since=daily,,
https://github.com/trending/vhdl?since=daily,,
https://github.com/trending/vim-help-file?since=daily,,
https://github.com/trending/vim-script?since=daily,,
https://github.com/trending/vim-snippet?since=daily,,
https://github.com/trending/visual-basic-.net?since=daily,,
https://github.com/trending/visual-basic-.net?since=daily,,
https://github.com/trending/volt?since=daily,,
https://github.com/trending/vue?since=daily,,
https://github.com/trending/wavefront-material?since=daily,,
https://github.com/trending/wavefront-object?since=daily,,
https://github.com/trending/wdl?since=daily,,
https://github.com/trending/web-ontology-language?since=daily,,
https://github.com/trending/webassembly?since=daily,,
https://github.com/trending/webidl?since=daily,,
https://github.com/trending/webvtt?since=daily,,
https://github.com/trending/wget-config?since=daily,,
https://github.com/trending/wikitext?since=daily,,
https://github.com/trending/windows-registry-entries?since=daily,,
https://github.com/trending/wisp?since=daily,,
https://github.com/trending/wollok?since=daily,,
https://github.com/trending/world-of-warcraft-addon-data?since=daily,,
https://github.com/trending/x-bitmap?since=daily,,
https://github.com/trending/x-font-directory-index?since=daily,,
https://github.com/trending/x-pixmap?since=daily,,
https://github.com/trending/x10?since=daily,,
https://github.com/trending/xbase?since=daily,,
https://github.com/trending/xc?since=daily,,
https://github.com/trending/xcompose?since=daily,,
https://github.com/trending/xml?since=daily,,
https://github.com/trending/xml-property-list?since=daily,,
https://github.com/trending/xojo?since=daily,,
https://github.com/trending/xonsh?since=daily,,
https://github.com/trending/xpages?since=daily,,
https://github.com/trending/xproc?since=daily,,
https://github.com/trending/xquery?since=daily,,
https://github.com/trending/xs?since=daily,,
https://github.com/trending/xslt?since=daily,,
https://github.com/trending/xtend?since=daily,,
https://github.com/trending/yacc?since=daily,,
https://github.com/trending/yaml?since=daily,,
https://github.com/trending/yang?since=daily,,
https://github.com/trending/yara?since=daily,,
https://github.com/trending/yasnippet?since=daily,,
https://github.com/trending/zap?since=daily,,
https://github.com/trending/zeek?since=daily,,
https://github.com/trending/zenscript?since=daily,,
https://github.com/trending/zephir?since=daily,,
https://github.com/trending/zig?since=daily,,
https://github.com/trending/zil?since=daily,,
https://github.com/trending/zimpl?since=daily,,
https://github.com/trending/c++?since=daily,,
